{
    "name": "root",
    "gauges": {
        "CarAgent.Policy.Entropy.mean": {
            "value": 1.1400089263916016,
            "min": 1.1324976682662964,
            "max": 1.1730139255523682,
            "count": 21
        },
        "CarAgent.Policy.ExtrinsicValueEstimate.mean": {
            "value": 186.63681030273438,
            "min": 157.81617736816406,
            "max": 192.19493103027344,
            "count": 21
        },
        "CarAgent.Environment.EpisodeLength.mean": {
            "value": 1615.7142857142858,
            "min": 1547.5714285714287,
            "max": 2291.3333333333335,
            "count": 21
        },
        "CarAgent.Environment.CumulativeReward.mean": {
            "value": 23444.14931488037,
            "min": 152.46366810798645,
            "max": 23444.14931488037,
            "count": 21
        },
        "CarAgent.Policy.ExtrinsicReward.mean": {
            "value": 23444.14931488037,
            "min": 152.46366810798645,
            "max": 23444.14931488037,
            "count": 21
        },
        "CarAgent.IsTraining.mean": {
            "value": 1.0,
            "min": 1.0,
            "max": 1.0,
            "count": 21
        },
        "CarAgent.Losses.ValueLoss.mean": {
            "value": 59382.9765625,
            "min": 1123.31591796875,
            "max": 59382.9765625,
            "count": 19
        },
        "CarAgent.Losses.PolicyLoss.mean": {
            "value": 0.0712374597787857,
            "min": 0.06521761417388916,
            "max": 0.07749319821596146,
            "count": 19
        },
        "CarAgent.Policy.LearningRate.mean": {
            "value": 0.00029775156872346997,
            "min": 0.00029775156872346997,
            "max": 0.00029782645287923515,
            "count": 19
        },
        "CarAgent.Policy.Epsilon.mean": {
            "value": 0.19925056397914886,
            "min": 0.19925056397914886,
            "max": 0.19927549362182617,
            "count": 19
        },
        "CarAgent.Policy.Beta.mean": {
            "value": 0.0009925803169608116,
            "min": 0.0009925803169608116,
            "max": 0.0009928273502737284,
            "count": 19
        }
    },
    "metadata": {
        "timer_format_version": "0.1.0",
        "start_time_seconds": "1610210571",
        "python_version": "3.7.7 (v3.7.7:d7c567b08f, Mar 10 2020, 02:56:16) \n[Clang 6.0 (clang-600.0.57)]",
        "command_line_arguments": "/Users/athuljoseph/UnityProjects/ENV/bin/mlagents-learn /Users/athuljoseph/UnityProjects/Self Driving Car/CarAgentConfig.yaml --run-id=Brains_201 --resume",
        "mlagents_version": "0.20.0",
        "mlagents_envs_version": "0.20.0",
        "communication_protocol_version": "1.1.0",
        "tensorflow_version": "2.3.1",
        "numpy_version": "1.18.5",
        "end_time_seconds": "1610216924"
    },
    "total": 6353.4202542289995,
    "count": 1,
    "self": 0.018792140999721596,
    "children": {
        "run_training.setup": {
            "total": 0.03969969999999989,
            "count": 1,
            "self": 0.03969969999999989
        },
        "TrainerController.start_learning": {
            "total": 6353.361762388,
            "count": 1,
            "self": 14.418671298995832,
            "children": {
                "TrainerController._reset_env": {
                    "total": 11.662206812,
                    "count": 1,
                    "self": 11.662206812
                },
                "TrainerController.advance": {
                    "total": 6326.664876012005,
                    "count": 258923,
                    "self": 7.377594614657937,
                    "children": {
                        "env_step": {
                            "total": 6319.287281397347,
                            "count": 258923,
                            "self": 5938.979179965185,
                            "children": {
                                "SubprocessEnvManager._take_step": {
                                    "total": 373.70112272903447,
                                    "count": 258923,
                                    "self": 15.193561503013086,
                                    "children": {
                                        "TFPolicy.evaluate": {
                                            "total": 358.5075612260214,
                                            "count": 258777,
                                            "self": 358.5075612260214
                                        }
                                    }
                                },
                                "workers": {
                                    "total": 6.606978703127851,
                                    "count": 258922,
                                    "self": 0.0,
                                    "children": {
                                        "worker_root": {
                                            "total": 6333.792846905967,
                                            "count": 258922,
                                            "is_parallel": true,
                                            "self": 945.0416209719733,
                                            "children": {
                                                "run_training.setup": {
                                                    "total": 0.0,
                                                    "count": 0,
                                                    "is_parallel": true,
                                                    "self": 0.0,
                                                    "children": {
                                                        "steps_from_proto": {
                                                            "total": 0.009725275000000977,
                                                            "count": 1,
                                                            "is_parallel": true,
                                                            "self": 0.0003954959999994401,
                                                            "children": {
                                                                "_process_vector_observation": {
                                                                    "total": 0.009329779000001537,
                                                                    "count": 8,
                                                                    "is_parallel": true,
                                                                    "self": 0.009329779000001537
                                                                }
                                                            }
                                                        },
                                                        "UnityEnvironment.step": {
                                                            "total": 0.030852572000000578,
                                                            "count": 1,
                                                            "is_parallel": true,
                                                            "self": 0.00016295800000065697,
                                                            "children": {
                                                                "UnityEnvironment._generate_step_input": {
                                                                    "total": 0.000157063999999707,
                                                                    "count": 1,
                                                                    "is_parallel": true,
                                                                    "self": 0.000157063999999707
                                                                },