{
    "name": "root",
    "gauges": {
        "CarAgent.Policy.Entropy.mean": {
            "value": 1.076305866241455,
            "min": 1.076305866241455,
            "max": 1.136120080947876,
            "count": 40
        },
        "CarAgent.Policy.ExtrinsicValueEstimate.mean": {
            "value": 201.09710693359375,
            "min": 136.75863647460938,
            "max": 235.26535034179688,
            "count": 40
        },
        "CarAgent.Environment.EpisodeLength.mean": {
            "value": 1020.9166666666666,
            "min": 785.0625,
            "max": 1741.6666666666667,
            "count": 40
        },
        "CarAgent.IsTraining.mean": {
            "value": 1.0,
            "min": 1.0,
            "max": 1.0,
            "count": 40
        },
        "CarAgent.Environment.CumulativeReward.mean": {
            "value": 22769.69648238023,
            "min": 363.6169291585684,
            "max": 31603.863037109375,
            "count": 39
        },
        "CarAgent.Policy.ExtrinsicReward.mean": {
            "value": 22769.69648238023,
            "min": 363.6169291585684,
            "max": 31603.863037109375,
            "count": 39
        },
        "CarAgent.Losses.ValueLoss.mean": {
            "value": 497192.0625,
            "min": 774.7752685546875,
            "max": 500626.40625,
            "count": 37
        },
        "CarAgent.Losses.PolicyLoss.mean": {
            "value": 0.0698452964425087,
            "min": 0.06909571588039398,
            "max": 0.081870898604393,
            "count": 37
        },
        "CarAgent.Policy.LearningRate.mean": {
            "value": 0.000297591439448297,
            "min": 0.000297591439448297,
            "max": 0.0002977403928525746,
            "count": 37
        },
        "CarAgent.Policy.Epsilon.mean": {
            "value": 0.1991971731185913,
            "min": 0.1991971731185913,
            "max": 0.19924677908420563,
            "count": 37
        },
        "CarAgent.Policy.Beta.mean": {
            "value": 0.0009920519078150392,
            "min": 0.0009920519078150392,
            "max": 0.0009925434133037925,
            "count": 37
        }
    },
    "metadata": {
        "timer_format_version": "0.1.0",
        "start_time_seconds": "1610217021",
        "python_version": "3.7.7 (v3.7.7:d7c567b08f, Mar 10 2020, 02:56:16) \n[Clang 6.0 (clang-600.0.57)]",
        "command_line_arguments": "/Users/athuljoseph/UnityProjects/ENV/bin/mlagents-learn /Users/athuljoseph/UnityProjects/Self Driving Car/CarAgentConfig.yaml --run-id=Brains_201 --resume",
        "mlagents_version": "0.20.0",
        "mlagents_envs_version": "0.20.0",
        "communication_protocol_version": "1.1.0",
        "tensorflow_version": "2.3.1",
        "numpy_version": "1.18.5",
        "end_time_seconds": "1610227288"
    },
    "total": 10266.7459515,
    "count": 1,
    "self": 0.02567653999903996,
    "children": {
        "run_training.setup": {
            "total": 0.09176527600000028,
            "count": 1,
            "self": 0.09176527600000028
        },
        "TrainerController.start_learning": {
            "total": 10266.628509684,
            "count": 1,
            "self": 24.493967775893907,
            "children": {
                "TrainerController._reset_env": {
                    "total": 11.084880661,
                    "count": 1,
                    "self": 11.084880661
                },
                "TrainerController.advance": {
                    "total": 10230.601054987106,
                    "count": 473612,
                    "self": 11.96976618079134,
                    "children": {
                        "env_step": {
                            "total": 10218.631288806315,
                            "count": 473612,
                            "self": 9564.225283805059,
                            "children": {
                                "SubprocessEnvManager._take_step": {
                                    "total": 643.3047294358812,
                                    "count": 473612,
                                    "self": 25.669549804840017,
                                    "children": {
                                        "TFPolicy.evaluate": {
                                            "total": 617.6351796310412,
                                            "count": 473242,
                                            "self": 617.6351796310412
                                        }
                                    }
                                },
                                "workers": {
                                    "total": 11.101275565375186,
                                    "count": 473611,
                                    "self": 0.0,
                                    "children": {
                                        "worker_root": {
                                            "total": 10230.795223089803,
                                            "count": 473611,
                                            "is_parallel": true,
                                            "self": 1600.4218194091536,
                                            "children": {
                                                "run_training.setup": {
                                                    "total": 0.0,
                                                    "count": 0,
                                                    "is_parallel": true,
                                                    "self": 0.0,
                                                    "children": {
                                                        "steps_from_proto": {
                                                            "total": 0.011252238000000858,
                                                            "count": 1,
                                                            "is_parallel": true,
                                                            "self": 0.0013689099999965038,
                                                            "children": {
                                                                "_process_vector_observation": {
                                                                    "total": 0.009883328000004354,
                                                                    "count": 8,
                                                                    "is_parallel": true,
                                                                    "self": 0.009883328000004354
                                                                }
                                                            }
                                                        },
                                                        "UnityEnvironment.step": {
                                                            "total": 0.03478663499999968,
                                                            "count": 1,
                                                            "is_parallel": true,
                                                            "self": 0.0001942829999990181,
                                                            "children": {
                                                                "UnityEnvironment._generate_step_input": {
                                                                    "total": 0.00020577900000162686,
                                                                    "count": 1,
                                                                    "is_parallel": true,
                                                                    "self": 0.00020577900000162686
                                                                },
                                                                "communicator.exchange": {
                                                                    "total": 0.03357107900000145,