{"count":1,"self":4322.0062208,"total":6446.95604,"children":{"AgentSendState":{"count":1293901,"self":38.7448832,"total":154.11095799999998,"children":{"CollectObservations":{"count":258781,"self":32.356342399999996,"total":32.356342999999995,"children":null},"CollectDiscreteActionMasks":{"count":258781,"self":1.522294,"total":1.522294,"children":null},"AgentInfo.ToProto":{"count":258781,"self":5.9177219999999995,"total":81.487439,"children":{"GenerateSensorData":{"count":258781,"self":19.6117184,"total":75.569717,"children":{"RayPerceptionSensor.Perceive":{"count":776343,"self":55.9579968,"total":55.957999,"children":null}}}}}}},"DecideAction":{"count":1293901,"self":1955.3982463999998,"total":1955.398226,"children":null},"AgentAct":{"count":1293901,"self":15.400252799999999,"total":15.400253,"children":null},"AgentInfo.ToProto":{"count":147,"self":0.003571,"total":0.040331,"children":{"GenerateSensorData":{"count":147,"self":0.0096619999999999987,"total":0.03676,"children":{"RayPerceptionSensor.Perceive":{"count":441,"self":0.027097999999999997,"total":0.027097999999999997,"children":null}}}}}},"gauges":{"CarAgent.CumulativeReward":{"count":146,"max":37294.89,"min":-396.5489,"runningAverage":8892.638,"value":24986.3125,"weightedAverage":22588.5254}},"metadata":{"timer_format_version":"0.1.0","start_time_seconds":"1610210580","unity_version":"2019.4.17f1","command_line_arguments":"\/Applications\/Unity\/Hub\/Editor\/2019.4.17f1\/Unity.app\/Contents\/MacOS\/Unity -projectpath \/Users\/athuljoseph\/UnityProjects\/Self Driving Car -useHub -hubIPC -cloudEnvironment production -hubSessionId bf9f8020-5298-11eb-8d87-2bef9d845765 -accessToken mY24xLEUdOOXVTlqvv7oVFSkT5er7VGbonCO5XpWiNU00cf","communication_protocol_version":"1.0.0","com.unity.ml-agents_version":"1.0.6","scene_name":"Level 2","end_time_seconds":"1610217027"}}