{
    "name": "root",
    "gauges": {
        "MyBehavior.Policy.Entropy.mean": {
            "value": 1.4509117603302002,
            "min": 1.4226179122924805,
            "max": 1.451139211654663,
            "count": 10
        },
        "MyBehavior.Policy.ExtrinsicValueEstimate.mean": {
            "value": -28.745708465576172,
            "min": -28.895566940307617,
            "max": -1.5759145021438599,
            "count": 10
        },
        "MyBehavior.Environment.EpisodeLength.mean": {
            "value": 622.4125,
            "min": 558.4494382022472,
            "max": 721.6086956521739,
            "count": 10
        },
        "MyBehavior.Environment.CumulativeReward.mean": {
            "value": -122069.6144231081,
            "min": -249880.00090984014,
            "max": -67004.97337434458,
            "count": 10
        },
        "MyBehavior.Policy.ExtrinsicReward.mean": {
            "value": -122069.6144231081,
            "min": -249880.00090984014,
            "max": -67004.97337434458,
            "count": 10
        },
        "MyBehavior.Losses.ValueLoss.mean": {
            "value": 234954848.0,
            "min": 89738456.0,
            "max": 527855168.0,
            "count": 10
        },
        "MyBehavior.Losses.PolicyLoss.mean": {
            "value": 0.025111179798841476,
            "min": 0.019775889813899994,
            "max": 0.026220109313726425,
            "count": 10
        },
        "MyBehavior.Policy.LearningRate.mean": {
            "value": 1.6531417713849805e-05,
            "min": 1.6531417713849805e-05,
            "max": 0.0002845894487109035,
            "count": 10
        },
        "MyBehavior.Policy.Epsilon.mean": {
            "value": 0.10551042854785919,
            "min": 0.10551042854785919,
            "max": 0.19486317038536072,
            "count": 10
        },
        "MyBehavior.Policy.Beta.mean": {
            "value": 0.0002849709999281913,
            "min": 0.0002849709999281913,
            "max": 0.004743671044707298,
            "count": 10
        },
        "MyBehavior.IsTraining.mean": {
            "value": 1.0,
            "min": 1.0,
            "max": 1.0,
            "count": 10
        }
    },
    "metadata": {
        "timer_format_version": "0.1.0",
        "start_time_seconds": "1609743071",
        "python_version": "3.7.7 (v3.7.7:d7c567b08f, Mar 10 2020, 02:56:16) \n[Clang 6.0 (clang-600.0.57)]",
        "command_line_arguments": "/Users/athuljoseph/UnityProjects/ENV/bin/mlagents-learn /Users/athuljoseph/UnityProjects/Self Driving Car/CarAgentConfig.yaml --run-id=Brains1_00",
        "mlagents_version": "0.20.0",
        "mlagents_envs_version": "0.20.0",
        "communication_protocol_version": "1.1.0",
        "tensorflow_version": "2.3.1",
        "numpy_version": "1.18.5",
        "end_time_seconds": "1609753947"
    },
    "total": 10875.583158016001,
    "count": 1,
    "self": 0.030350317001648364,
    "children": {
        "run_training.setup": {
            "total": 0.017107295999999828,
            "count": 1,
            "self": 0.017107295999999828
        },
        "TrainerController.start_learning": {
            "total": 10875.535700403,
            "count": 1,
            "self": 24.162317553285902,
            "children": {
                "TrainerController._reset_env": {
                    "total": 6.842933626,
                    "count": 1,
                    "self": 6.842933626
                },
                "TrainerController.advance": {
                    "total": 10844.030736449713,
                    "count": 500833,
                    "self": 12.308565506800733,
                    "children": {
                        "env_step": {
                            "total": 10831.722170942912,
                            "count": 500833,
                            "self": 10192.2363516811,
                            "children": {
                                "SubprocessEnvManager._take_step": {
                                    "total": 628.2117692336069,
                                    "count": 500833,
                                    "self": 24.673659929489077,
                                    "children": {
                                        "TFPolicy.evaluate": {
                                            "total": 603.5381093041178,
                                            "count": 500023,
                                            "self": 603.5381093041178
                                        }
                                    }
                                },
                                "workers": {
                                    "total": 11.274050028205888,
                                    "count": 500833,
                                    "self": 0.0,
                                    "children": {
                                        "worker_root": {
                                            "total": 10842.479717346898,
                                            "count": 500833,
                                            "is_parallel": true,
                                            "self": 1530.1095048407133,
                                            "children": {
                                                "run_training.setup": {
                                                    "total": 0.0,
                                                    "count": 0,
                                                    "is_parallel": true,
                                                    "self": 0.0,
                                                    "children": {
                                                        "steps_from_proto": {
                                                            "total": 0.0012431879999983408,
                                                            "count": 1,
                                                            "is_parallel": true,
                                                            "self": 0.00024237599999921144,
                                                            "children": {
                                                                "_process_vector_observation": {
                                                                    "total": 0.0010008119999991294,
                                                                    "count": 6,
                                                                    "is_parallel": true,
                                                                    "self": 0.0010008119999991294
                                                                }
                                                            }
                                                        },
                                                        "UnityEnvironment.step": {
                                                            "total": 0.02720915099999921,
                                                            "count": 1,
                                                            "is_parallel": true,
                                                            "self": 0.00013979199999702985,
                                                            "children": {
                                                                "UnityEnvironment._generate_step_input": {
                                                                    "total": 0.00013258400000104587,
                                                                    "count": 1,
                                                                    "is_parallel": true,
                                                                    "self": 0.00013258400000104587
                                                                },